"lambda, A",num
6556.487170894881,0
4976.663987748761,1
4439.742396686371,2
