"lambda, A",num
6428.163618830547,0
6162.011066400819,1
6927.199654636288,2
4241.572598092365,3
